{"stats":{"minecraft:picked_up":{"minecraft:rotten_flesh":4,"minecraft:dirt":1},"minecraft:used":{"minecraft:diamond_sword":21,"minecraft:dirt":1,"minecraft:zombie_spawn_egg":6},"minecraft:mined":{"minecraft:grass_block":1},"minecraft:killed":{"minecraft:zombie":6},"minecraft:custom":{"minecraft:jump":7,"minecraft:time_since_rest":1720,"minecraft:leave_game":1,"minecraft:damage_dealt":1101,"minecraft:crouch_one_cm":106,"minecraft:sprint_one_cm":1461,"minecraft:play_time":1720,"minecraft:time_since_death":1720,"minecraft:walk_one_cm":8333,"minecraft:sneak_time":30,"minecraft:total_world_time":1720,"minecraft:mob_kills":6,"minecraft:fly_one_cm":1767}},"DataVersion":3465}