{"stats":{"minecraft:used":{"simpletomb:grave_key":4,"selectable_painting:selectable_painting":10,"minecraft:torchflower":1,"enemyexpansion:troll_spawn_egg":1,"minecraft:grass_block":15,"trashcompactor:trash_compactor":1,"labels:label":10,"sawmill:sawmill":1,"enemyexpansion:intruder_spawn_egg":1},"minecraft:killed":{"minecraft:skeleton":1},"minecraft:custom":{"minecraft:time_since_rest":1428,"minecraft:crouch_one_cm":384,"minecraft:play_time":13215,"minecraft:sprint_one_cm":7456,"minecraft:walk_one_cm":12099,"minecraft:damage_taken":405,"minecraft:deaths":1,"minecraft:sneak_time":415,"minecraft:mob_kills":2,"minecraft:jump":59,"minecraft:interact_with_stonecutter":1,"minecraft:damage_dealt":237,"minecraft:leave_game":1,"minecraft:time_since_death":1395,"minecraft:total_world_time":13215,"minecraft:fall_one_cm":1971,"minecraft:fly_one_cm":26278},"minecraft:killed_by":{"enemyexpansion:invisicreeper":1},"minecraft:picked_up":{"enemyexpansion:trollface":1,"minecraft:arrow":1,"projectvibrantjourneys:fallen_leaves":1,"minecraft:wheat_seeds":3,"projectvibrantjourneys:twigs":1,"minecraft:dirt":31}},"DataVersion":3465}